date,1,2,3,4,5,6,7,8,9,10,11,12,13,14,15,16,17,18,19,20,21,22,23,0,isReal,avg,max,min
1/1/2020,15.5,15.7,15.6,15.8,15.5,15.3,15.4,15.8,16.7,17.6,17.9,19.4,20.3,21.1,21,21,19.7,17.6,16.4,16,15.5,15.3,14.7,15.8,1,17.1,21.1,14.7
1/2/2020,14,13.8,13.9,13.7,14.2,13.7,13.3,15.5,17.6,20.3,21.6,23,24.4,24.7,22.5,21.7,20,18.9,17.8,17.2,16.3,16.1,15.8,14.2,1,17.7,24.7,13.3
1/3/2020,15,14.8,14.8,14.3,14.1,14.2,14.1,15.2,18.4,20.8,22.1,23.1,24.1,23.8,23.3,22.2,20.4,19.3,18.1,17.8,17.8,17.1,16.5,15.2,1,18.2,24.1,14.1
1/4/2020,15.8,15.6,15.4,16.2,16.5,15.7,15.4,16.5,18.6,20.3,21.6,23.1,24.3,23.5,23.6,22.3,21.2,19.8,18.5,17.6,17.3,17.2,16.7,16.3,1,18.7,24.3,15.4
1/5/2020,16.4,16,15.6,15.4,15.4,15.4,15.6,17.1,18.8,21.2,24,23.9,24.8,24.8,24.4,22.1,20.4,19.7,19.5,19.1,19.3,18.7,18.1,16.4,1,19.3,24.8,15.4
1/6/2020,17,17.1,17.8,18.1,18.2,18.2,17.4,17.8,19.2,20.1,21.5,22.6,24,23.5,22.4,22,20.6,19.3,18.4,17.9,17.8,17.6,17.4,17.6,1,19.3,24,17
1/7/2020,17.1,16.9,16.9,16.4,16.3,15.8,16.1,18.2,21,22.1,21.4,23.8,24.7,25.5,27.3,26.6,24.9,20.6,19.3,18.6,17.7,16.8,16.6,17.5,1,19.9,27.3,15.8
1/8/2020,15.6,15.2,15.1,14.9,14.4,14,14.2,17,20.4,21.3,23.2,24.5,25.6,27.3,26,24.9,21.7,19.2,17.6,16.3,15.5,15.4,14.7,16,1,18.8,27.3,14
1/9/2020,14.2,13.7,13.5,13.5,13.6,13.6,14.2,15.5,16.9,19.8,22.8,23.4,25.1,25.1,23.9,23.3,22.1,19.9,18.6,18.4,18.2,16.6,15.6,14.9,1,18.2,25.1,13.5
1/10/2020,15.5,15.2,14.9,14.7,14.4,15.4,15.8,16.9,19.5,21.6,23.8,25,24.3,23.7,23.5,22.5,21.3,19.8,18.8,17.2,16.8,16.4,15.8,15.5,1,18.7,25,14.4
1/11/2020,15.2,14.9,14.8,14.4,14,14.2,15,16.8,19.2,20.4,22.2,23.5,24.3,23.5,23.9,23,21.7,19.9,18.5,17.8,16.5,16,15.6,15.6,1,18.4,24.3,14
1/12/2020,14.7,14.4,14.4,15.1,14.1,13.8,14.3,15.8,17.7,19.2,20,21.4,25.8,25.5,25.3,19.1,17.3,15.9,15.1,14.1,14.4,14.6,14.6,15.1,1,17.2,25.8,13.8
1/13/2020,14.2,14.3,13.7,13,13.8,14,13.3,15,15.3,17,19,20.5,21.5,22.2,23.3,20.9,18.9,17.4,16.3,15.1,15.3,14.5,14.2,14,1,16.5,23.3,13
1/14/2020,14.9,15.2,15.3,15.1,14,13.3,14.3,15.3,17.6,19.5,21.9,24,24.8,24.7,23.9,23.3,20.7,19.2,16.7,15.9,14.9,14.3,14.1,14.6,1,18,24.8,13.3
1/15/2020,13.7,12.9,12.9,12.4,12.2,11.8,11.5,14.6,17.2,19.2,21.4,22.2,24.2,24.2,23.7,21.8,20.5,18.6,17.6,16,15.6,15.2,14.7,13.5,1,17,24.2,11.5
1/16/2020,15,15.8,15.5,15.6,14.8,13.8,12.9,16.7,18.6,20.8,23.1,24.6,25.2,24.5,23.6,22.5,21.2,20.8,19.4,17.8,17,16.2,15.9,14.2,1,18.6,25.2,12.9
1/17/2020,14.8,14.5,14.2,14,13.9,13.5,14.4,15.3,18.2,20.5,21.3,21.7,21.5,21.7,20.6,20.4,18.2,16.3,15.3,15,14.6,13.8,13.7,15.5,1,16.8,21.7,13.5
1/18/2020,12.5,13,12.6,12.3,12,11.8,11.2,13.9,15.5,17.6,19.2,20.1,21.6,21.9,20.8,19.1,17.8,16.7,15.3,13.9,14.4,14.4,14.4,12.8,1,15.6,21.9,11.2
1/19/2020,13.9,13.7,13.5,13.3,13.3,12.9,12.9,14.6,16.4,18.6,20.5,20.9,22,21.9,22.7,20.4,18.4,16.3,15.9,14.6,13.9,13.5,13.1,14,1,16.3,22.7,12.9
1/20/2020,12.5,12.3,12.1,12.5,13.2,12.8,13.2,15,17.4,19.7,20.9,24.1,25.1,25,24.2,21.7,19,17,16.2,14.4,13.5,14,12.7,12.9,1,16.7,25.1,12.1
1/21/2020,12.2,11.7,11.4,11.5,11.1,11.2,10.9,13.6,16.8,19,20.9,23.7,25.5,25.6,25.2,24.8,23,20.3,18.4,17,16.6,16.9,17.2,12.5,1,17.4,25.6,10.9
1/22/2020,15.4,14.8,14.3,15.4,17.1,17.2,17.4,18,19.6,21.6,23.3,25.4,26.3,27,26.8,25,23.5,22,21,20.7,19.4,19,18.6,15.9,1,20.2,27,14.3
1/23/2020,18.3,17.4,16.8,16.5,16.1,16,16.2,18.4,22.2,25.2,27,27.5,29,28.9,28.1,27.9,26.3,24,22.8,20.6,20,19.3,18.8,18.1,1,21.7,29,16
1/24/2020,19.8,20.1,19.7,19.7,19.1,18.9,18.2,19.3,21.4,23.4,25.9,26.5,26.3,26,26.2,25.1,22.4,21,20.3,19.6,19.7,19.8,19.7,19.6,1,21.6,26.5,18.2
1/25/2020,19.8,19.5,19.5,19.1,18.2,16.8,16.7,18.7,20.8,22.5,24,25.8,26.5,26.9,25.5,24,23.1,21.3,20.2,19.6,19.1,18.9,18.7,19.8,1,21,26.9,16.7
1/26/2020,18.6,18.1,18.6,18,18,17.9,17.6,17.6,17.8,17.6,18.4,18.7,19.4,19.7,19.8,19.9,18.5,17.4,15.8,15.8,16,15.8,15.7,18.2,1,17.9,19.9,15.7
1/27/2020,16.2,16.6,15.8,15.9,15.7,15.6,15.4,15.8,16.9,17.9,18.1,18.4,19.1,20,19.7,18.2,16.8,15.8,15.6,15.7,15.3,14.7,14.5,15.8,1,16.6,20,14.5
1/28/2020,14.5,14.4,14.4,14.1,14.2,13.9,14,14.3,14.5,14.8,14.9,15.4,15.1,16.4,16.9,16.4,15.3,14.2,14.1,13.5,13.6,13.5,13.4,14.2,1,14.6,16.9,13.4
1/29/2020,12.5,12.7,12.6,12.4,12.6,12.4,12.5,13,13.9,14.4,15.9,15.1,15.9,16.5,16.7,15.1,14.1,13.4,13,12.4,12.4,12.1,11.8,13.3,1,13.6,16.7,11.8
1/30/2020,9.3,8.7,8.7,8.8,10.7,10.2,9.8,10.7,12.6,14.5,15.5,16.3,17.2,16.9,16.6,16.2,14.9,13,11.9,10.9,10.3,7.3,6.7,9.7,1,11.8,17.2,6.7
1/31/2020,6.3,6,5.7,5.4,4.7,4.6,4.9,8.7,11.6,13.8,16.1,18.5,19.1,19.9,19.7,19.3,17.2,15.5,14.1,11.6,12.1,10.4,9.4,6.6,1,11.7,19.9,4.6
2/1/2020,8.7,8.2,8.1,7.3,7,7.2,7.5,10.2,13.1,16.2,18.3,19.5,20.5,20.9,21,20.3,18.6,16.8,14.5,13.4,13.2,12,11.2,9.3,1,13.5,21,7
2/2/2020,10.4,10,9.9,9.1,8.9,9.1,9.7,11.7,15.6,17.7,20.2,21.7,21.8,22.8,22.5,20.9,20,18.6,17.9,17.1,16.3,16,15.9,10.7,1,15.6,22.8,8.9
2/3/2020,13.6,13.5,12.3,12.8,12.4,11.5,11.1,14.8,17.1,19.2,20.9,22.5,22.8,22.5,22.4,21.6,19.6,18.5,17.6,17.2,16,15.2,14.9,14.8,1,16.9,22.8,11.1
2/4/2020,15.8,15.1,15.2,14.3,14.3,14.6,14.7,15.5,16.3,17.1,17.2,17.8,17.5,17.6,17.5,17.4,17.4,17,16.6,16.4,16.3,16.3,16.1,15,1,16.2,17.8,14.3
2/5/2020,15.5,15.9,15.7,15.6,15.4,14.9,14.9,16.5,18.2,19.6,20.5,21.7,21.8,23,23.1,21.8,20,18.1,16.8,16,14.8,13.9,13.5,15.8,1,17.6,23.1,13.5
2/6/2020,13,12.7,12.6,12.7,12.6,12,12.1,15,16.9,20.6,22.7,23.6,23.8,24,24.5,23.1,20.7,19.2,18.7,18.5,18.4,18.1,17.6,13.2,1,17.8,24.5,12
2/7/2020,17.2,17.2,17.1,17.2,16.3,15.8,15.8,16.4,18.1,20.2,22.2,23.5,23.9,22.2,21,20.3,19,17.6,16.9,16.2,15.9,15.7,14.3,17,1,18.2,23.9,14.3
2/8/2020,14.4,14,13.7,13.3,13,12.9,12.9,15.7,17.4,18.9,20.1,21.3,22.4,21.3,20.5,19.8,18.4,17,15.9,15.6,15,14.3,13.6,14.1,1,16.5,22.4,12.9
2/9/2020,13.3,12.8,14,14.5,14.6,14.6,15,15.6,15.9,17.2,17.2,17.9,19.6,20.3,19.9,19.3,17.9,16.5,15.6,14.9,13.5,13.7,12.8,13.7,1,15.8,20.3,12.8
2/10/2020,13.3,13.5,12.8,12.1,11.9,11.4,11.6,14.4,16.2,19.4,21.6,22.5,24.1,22.6,21,21.7,21,20,17.9,17,17.1,16.1,15.3,13.4,1,17,24.1,11.4
2/11/2020,14.7,14.5,15,15.4,15.7,15.7,15.6,16.4,17.4,19.5,20.3,21.1,22.4,22.9,22.2,21.4,20.8,20,19.1,19.1,18.4,18.1,17.5,15.1,1,18.3,22.9,14.5
2/12/2020,17.1,16.8,16.6,16.3,15.8,15.5,15.5,18.5,20.9,23.6,26.8,27.2,28.9,28.9,27.9,27.1,25.3,23.6,22.65,21.9,21.7,21.3,20.7,17.2,1,21.4,28.9,15.5
2/13/2020,19.6,19.1,18.3,17.7,17.3,17,17.3,20.3,23.6,25.2,26.2,27.1,28.4,27.2,25.5,23.5,22.3,21.4,21.1,21.5,22,23.4,23.7,20.2,1,22,28.4,17
2/14/2020,20.8,19.5,19.7,19,18.4,17.9,17.7,21.2,23.4,24.9,26.4,27.6,28,26,23.4,23.9,23.1,22.3,21.9,21.8,21.6,21.6,21.9,22.7,1,22.2,28,17.7
2/15/2020,21.5,20.7,19.6,19.1,18.5,18.3,18.3,21.2,24.1,26.4,27.5,28.2,28.5,28.8,28,27,26.1,24.6,24.3,24,23.7,23.4,23.3,21.5,1,23.6,28.8,18.3
2/16/2020,22.5,22.1,22.8,22.1,21.4,21.3,21.2,22.8,19.1,17.5,17.9,17.2,15.5,15.3,14.9,13.3,14.5,13.9,12.7,12.9,12.4,13,13.1,23,1,17.6,23,12.4
2/17/2020,12,12,11.7,11.3,11.2,11.4,11.5,11.7,12.7,13.2,14.5,15.6,17.4,17.6,17.1,16.7,15.4,13.6,12.6,11.8,10.3,10.1,9.2,12.2,1,13,17.6,9.2
2/18/2020,8.9,8.2,8.2,8,7.8,8.7,9.6,10.8,11.9,13.9,16.7,18.3,19.5,20.3,21,21,19.2,17.1,15.6,13.5,12.2,11.5,11.3,8.8,1,13.6,21,7.8
2/19/2020,10.3,10.1,10.1,9.6,9.7,9.6,9.5,12.9,14.9,17.3,19.8,21.4,21.3,21.7,22.3,21.3,19.5,18.2,17.5,15.9,14.8,14.2,13.9,10.8,1,15.3,22.3,9.5
2/20/2020,13,12.7,12.6,12.3,11.9,12.1,12,13.7,16,17.7,19.9,22.1,23.3,23.7,23,22.6,21.9,20.1,19.1,17.3,16.8,16.3,15.7,13.2,1,17,23.7,11.9
2/21/2020,15.2,14.9,14.6,14.8,15,14.3,14.2,17.1,18.3,19.8,21.2,22.1,22.3,23.3,23.1,22,20.5,18.9,18,17.3,16.1,15.8,15.5,15.4,1,17.9,23.3,14.2
2/22/2020,14.7,14.3,14,14,14.1,14.5,14.3,16,17.6,19.5,21.6,22.8,23.7,24.3,25.3,24.4,23.6,22.4,21,19.9,19.5,19,18.5,15.1,1,18.9,25.3,14
2/23/2020,16.5,16,15.7,15.5,15.2,15,15.1,18,19.3,21.3,23,25,25.4,25.9,26.2,25,23.8,21.9,20.3,19.1,18.2,17.7,17.3,17.1,1,19.7,26.2,15
2/24/2020,16.8,16.2,15.7,15.4,15.5,15.3,15.3,18,20.4,21.7,24.2,25.3,26,25.6,24.7,23.2,24,22.7,21.6,19.8,18.9,18.5,17.8,16.9,1,20,26,15.3
2/25/2020,17.1,16.7,16.3,16.2,16.3,16.3,16.6,20.4,23,24.8,26.2,26.7,27.5,27.9,28.5,28.3,27.5,25.4,24,21.7,20.5,20.1,19.9,17.3,1,21.9,28.5,16.2
2/26/2020,19,18.3,18,17.8,17.6,17,17.4,21.8,24.6,26.4,27.6,28.4,27.9,28.2,28.3,27.1,26.1,24.5,23.2,22.5,20.7,20.1,19.7,19.2,1,22.6,28.4,17
2/27/2020,18.6,18.8,18.7,19,18.3,18.5,18.7,19.5,20.6,22.1,23.9,25,26.3,27,26,25.5,24,22.3,21.3,20.2,19.5,19,18.4,19.1,1,21.3,27,18.3
2/28/2020,17.6,17.6,18.2,17.8,18.3,18.5,18.9,20.5,22.5,24,24.9,25.8,26.1,25.2,24.5,24.1,23.2,22.5,21.2,20.3,19.7,19.3,18.6,17.8,1,21.1,26.1,17.6
2/29/2020,18.4,18.1,18.1,17.9,18.4,18.7,19,19.7,23.4,24.9,25.9,27.3,27,27.9,27.9,26.9,26,23.9,23.4,23.3,22.7,22,21.7,18.5,1,22.5,27.9,17.9
3/1/2020,21,20.1,19.7,19.5,18.8,18.5,18.9,22.3,25.1,26.3,27.5,28,27.8,27.3,26.2,25.6,23.5,22.9,22,21,20.7,20.1,19.5,21.2,1,22.6,28,18.5
3/2/2020,19.4,18.6,18.6,18.6,18.3,18.1,18,18.6,19.8,20.5,22.3,23.5,25.1,26,25.8,25.4,24,22.1,20.8,19.4,18.6,18,18.1,19.8,1,20.7,26,18
3/3/2020,18,17.8,17.5,16.9,16,15.8,16.2,18.3,20.8,22.1,23.4,24.9,26.2,27.2,27.5,26.2,25.4,24.3,23.4,22.1,21.4,21,20.7,18.2,1,21.3,27.5,15.8
3/4/2020,20.3,20.5,20.1,20.1,19.9,19.4,19.1,21.6,23.4,23.8,23.8,24.2,24.7,23.7,24.6,23.7,22,20.1,19.7,18.8,18,17.4,16.4,20.1,1,21.1,24.7,16.4
3/5/2020,16,15.8,15.4,15.1,15.2,15.2,14.9,14.8,15,16,17.7,18.5,19.9,20.5,19.3,18.6,17.7,17.4,17,16.7,16.6,16.2,16.2,16.8,1,16.8,20.5,14.8
3/6/2020,15.6,15.5,15.3,15.5,15.7,15.6,15.7,17.4,18.5,20.2,21.6,23.1,24.2,24.4,25.2,24.3,23.5,21.6,20.8,20.2,20,19.4,19.1,15.9,1,19.5,25.2,15.3
3/7/2020,19.1,19,19.1,18.9,18.1,17.7,18,20.1,21.9,24,25.8,27.5,27.7,28.3,27.9,25.9,25.2,24.4,23.8,23,21.8,21.5,20.5,19.4,1,22.4,28.3,17.7
3/8/2020,20.5,20.1,19.6,19.1,18.7,18.4,19.1,21.2,22.2,24,26.1,26.7,27,27.3,25.3,23.7,22.7,21.9,21.5,21.6,21.5,21.3,21.2,20.2,1,22.1,27.3,18.4
3/9/2020,20.9,20.8,20.5,19.7,19.5,19.7,21.1,23.9,26.3,28.2,29.6,30.9,31.5,31.6,30.6,28.9,26.7,25.9,25.5,25.2,25.1,25,24.8,21.2,1,25.1,31.6,19.5
3/10/2020,24.3,24,24.1,24.1,22.7,23.1,19.1,19.2,19.1,19,20.2,21.8,22.6,22.4,21,22.3,21,19.5,17.8,17.4,17.4,17.7,17.7,24.2,1,20.9,24.3,17.4
3/11/2020,17.1,17.4,16.8,17,16.6,16.3,16.1,17.2,17.7,18.6,20.1,21.7,23,23.8,22.3,21.9,21.1,20.9,20.2,19.9,19.2,19.3,18.6,17.3,1,19.2,23.8,16.1
3/12/2020,18.5,19,18.9,18.8,19.2,19.1,19.4,20,20.4,21.5,23.7,24.6,24,22.2,22.8,23.4,21.9,21.3,20.7,20.2,20.4,20.4,20.8,18.3,1,20.8,24.6,18.3
3/13/2020,20.2,20,19.5,19.1,19.1,19.2,19.3,21.1,22.5,23.4,24.8,25.8,27.6,27.6,25.3,24.5,23.9,22.9,22.6,21.9,22,21.8,21.4,20.3,1,22.3,27.6,19.1
3/14/2020,20.9,20.5,19.4,18.8,18.1,17.5,17.1,17,16.4,16.3,15.9,16.9,17.3,17.3,18.1,18.7,18.4,17.8,17.4,17,16.1,15.5,15.7,21.3,1,17.7,21.3,15.5
3/15/2020,15.5,14.8,14.5,14.2,13,12.5,13.4,15.8,17.5,18.1,19.1,20.6,22.3,22.6,23.3,24.2,22.7,20.6,19.2,17,15.9,15.9,16.8,15.3,1,17.7,24.2,12.5
3/16/2020,16.3,16.3,16,15.1,14.5,14.4,16,18.2,21.4,22.6,23.4,24.6,25,25,25.1,24.3,23.5,21.6,21,19.3,18.6,18,18.3,16.4,1,19.8,25.1,14.4
3/17/2020,18.1,18.2,17.4,17.4,17.8,17.4,17.6,19.6,22.1,23.6,25,26,26.3,25.8,24.4,24.2,22.6,22.1,21.9,20.6,19.9,19.1,18.7,17.5,1,21,26.3,17.4
3/18/2020,18.5,18.4,18.3,18.2,18.7,18.2,18.9,20.4,22.5,23.5,24,24.2,24,23.7,23.2,23,22.5,21.6,21.6,20.7,20.4,20.6,20,19,1,21,24.2,18.2
3/19/2020,19.8,19.5,19.6,19.8,19.7,20.1,20,19.4,20.1,21.1,22.4,24.6,25.4,26,25.2,25.1,23.5,23.1,22.2,21.8,21.5,21.1,21,19.6,1,21.7,26,19.4
3/20/2020,20.4,20.4,20.5,20.5,19.9,20,19.9,21.5,22.2,23.3,25.3,26.5,26.4,25.6,25.5,25.6,24.5,23.4,22.5,22.4,21.7,21.5,21.1,20.6,1,22.6,26.5,19.9
3/21/2020,20.5,20.7,20.6,20.4,19.7,19.2,19.8,23.1,24.8,26.3,28.3,27,27.1,27.4,28,26.8,26.4,25,23.4,23.1,23.2,23.2,23,20.5,1,23.6,28.3,19.2
3/22/2020,22.9,22.2,21.6,21.9,21.8,22.1,22.9,23.6,25.4,26.8,27.6,27.9,28.3,29.1,29.5,29.5,29.2,27.4,25.9,24.7,24.1,23.4,23.5,23.3,1,25.2,29.5,21.6
3/23/2020,23.1,22.3,22.5,22.1,20.9,20.6,21.2,24.4,25.2,26.8,27.8,27.6,28.7,29.1,28.5,27.7,27,24.9,23.5,23.1,22.3,21.7,20.9,23.5,1,24.4,29.1,20.6
3/24/2020,20.9,21.3,21.1,20.2,20.1,20.3,20.4,21.9,23.8,25.5,26.7,27,26.7,26.8,26.3,26.5,25.9,24.1,23.7,23.4,22.9,22,21.9,20.4,1,23.3,27,20.1
3/25/2020,21.9,22.2,22,20.9,20.8,20.4,21.4,23.8,24.5,26,27.5,28.7,28.8,27.3,27.6,26.5,26.4,24.9,23.6,23.8,23.1,22.5,22.4,21.9,1,24.1,28.8,20.4
3/26/2020,21.1,21.3,21.3,21.4,21.2,20.9,21.8,23.3,25.9,27.6,29.1,30.1,31.2,31.7,30.8,30.2,28.8,27.6,26.4,25.7,25.7,25.2,23.9,21.7,1,25.5,31.7,20.9
3/27/2020,23.8,23.2,23.7,23.8,23,23.4,24.4,26.5,28.4,29.5,30.1,30.9,31.3,31.1,29.9,28.5,27.5,24.6,23.7,23,22.7,22.3,22.2,23.5,1,25.9,31.3,22.2
3/28/2020,22.4,22.4,22.7,22,22,21.3,21.4,21.4,21.5,23.6,24.6,25.1,24.7,24.1,22.5,22.9,22,20.3,18.6,17.5,17.5,21.35,21.2,22.3,1,21.9,25.1,17.5
3/30/2020,21.2,21.2,21.15,20.85,20.95,20.4,20.7,21.15,22.45,24.75,26,24.3,23.1,24.1,24,23.2,21.7,21.5,21.5,21.3,20.4,20.4,20.2,21.05,1,22.4,26,20.2
3/31/2020,20,20,19.6,19.7,19.9,19.5,20,20.9,23.4,25.9,29.4,28.7,25.9,26.8,26.4,26.6,26,25.4,23,23,22.9,22.7,21.6,19.8,1,23.2,29.4,19.5
4/1/2020,20.7,20.8,21,21,20.8,20.8,21.2,21.4,22.8,24.7,25.6,25.5,25.2,25.5,25.7,24.2,22.4,20.8,20,19.4,19.1,18.8,18.7,21,1,22,25.7,18.7
4/2/2020,18.2,18,18.3,18.1,17.9,18.4,17.6,17.6,18.4,18.6,21.3,22.4,23.4,23,22.7,22.1,21.7,20.9,20.8,20.6,20.6,20.1,19.5,18.3,1,19.9,23.4,17.6
4/3/2020,19.5,19.1,18.9,18.9,19,18.9,19.1,20.2,21.9,23.3,24.6,26.2,24.8,24,23.4,22.5,21.7,21.2,20.4,19.8,19.8,19.9,19.1,19.9,1,21.1,26.2,18.9
4/4/2020,19,18.9,19.1,18.7,19.1,18.5,19.4,21,21.6,23,23.9,23.7,23.6,23.9,23.8,22.6,20.3,20,20,18.7,18.4,18.3,18,19.2,1,20.5,23.9,18
4/5/2020,17.6,17.7,17.5,17.1,17,17.1,17.9,18.9,20.4,21.5,21.1,21.1,20.5,20.3,20.5,19.8,17.8,16.6,16.4,16.3,16.4,16.2,16.7,17.8,1,18.3,21.5,16.2
4/6/2020,16.1,16.1,16.5,16,16.2,16,16.4,17.1,17.8,19.2,20.8,20.7,20,20.4,20.6,20.4,18.9,18,17.8,17.9,17.9,18,18,16.1,1,18,20.8,16
4/7/2020,17.7,17.7,17.4,17.7,17,16.7,16.9,18.7,20.2,20.8,22.6,23.1,24,24.1,23.4,21.9,20,18.8,18.1,17.9,17,16.6,16.1,17.9,1,19.3,24.1,16.1
4/8/2020,15.8,15.4,15.4,15.6,15.6,15.8,16.7,18.8,20.3,21.7,24,25.5,25.1,25.1,25,24.9,23.6,22.5,22,21.2,20.5,20.1,19.8,16,1,20.3,25.5,15.4
4/9/2020,19.6,19.3,18.7,18.8,18.7,18.4,18.8,20,21.2,23.2,25.1,26.6,27,26.6,27.5,27.5,26.4,24.1,22.5,20.5,19.6,19.1,18.9,19.6,1,22,27.5,18.4
4/10/2020,18.2,18.4,18.4,18.5,18.1,17.6,19.4,21.7,23.9,25.4,27.3,28,27.8,27.9,27.8,27.1,26.2,24.2,23.5,21.8,21.9,23.1,22.9,18.5,1,22.8,28,17.6
4/11/2020,21.7,21,20.2,19.5,19.9,20.4,20.9,23.2,24.8,24.4,25.2,25.7,26.5,25.7,22.4,21.5,20.5,20.2,19.9,19.9,20.1,20.3,20,22.2,1,21.9,26.5,19.5
4/12/2020,18.5,18.6,18.3,18.1,17.9,18.1,18.1,19.5,20,20.4,21,21.8,20.7,21,20.9,19.6,19,17.8,17,16.4,15.1,14.9,15.3,19.2,1,18.6,21.8,14.9
4/13/2020,11.6,11,10.3,9.5,9.1,9,13,17,19.8,21.3,22.3,22.8,22.8,22.8,22.8,22.2,21.2,19.5,18.1,16.6,15,15.6,14.5,12.4,1,16.7,22.8,9
4/14/2020,14,13.7,13.9,13.9,14.1,14.9,16.8,18.9,22.6,23.2,23.5,23.7,23.4,24.1,23.8,22.9,21.8,20.7,20.2,19.1,18.6,18.6,18.9,14.1,1,19,24.1,13.7
4/15/2020,19.4,18.2,18.2,18.4,18.4,18.2,19.1,21,23.3,24.4,26.2,26.4,26.8,26.9,25.6,25.7,24.6,23,22,19.9,19.1,18.5,17.8,19.1,1,21.7,26.9,17.8
4/16/2020,16.7,16.3,15.5,16,14.7,14.5,17.5,20.8,23.1,24.5,26.9,27.4,28.2,27.8,27.5,27.3,25.9,24.4,21.8,20.7,20,19.3,18.6,17.1,1,21.4,28.2,14.5
4/17/2020,17.4,17,16.8,16.7,16.3,16.6,19.5,21.9,25.2,26.6,27.6,27.9,28.3,28,27.4,27,26.1,24.9,23.3,22,21.6,21.2,20.7,17.8,1,22.4,28.3,16.3
4/18/2020,21.3,21.7,21.6,20.5,20.9,20.2,22.5,24.7,28.1,28.9,30.1,30.2,29.1,28.4,29.4,28.4,27.9,26.7,25.3,24.1,23.7,23.7,23.6,20.3,1,25.1,30.2,20.2
4/19/2020,24,23.5,22.7,22.6,23,23,24.5,26.6,27.8,29.7,30.3,31.2,31.2,30.1,29.8,28.7,28.4,27.5,26.6,25.1,25.6,24.6,24.2,23.1,1,26.4,31.2,22.6
4/20/2020,24.6,24.5,24.1,23.9,23.6,23.7,24,24.9,27.5,28.3,29.7,29.8,29.5,29.4,29.3,28.4,27.1,26.4,25.4,25.4,25.1,23.8,23.7,24.6,1,26.1,29.8,23.6
4/21/2020,23.5,23.6,23.5,23.4,22.8,22.4,24.3,25.9,27.7,27.7,28.6,28.6,28,27.2,26.9,26.1,25,24.3,23.3,22.9,22.3,22.1,22,23.7,1,24.8,28.6,22
4/22/2020,21.6,21.7,21.6,21.2,21,20.6,21,21.4,22.5,22.5,23.3,24.3,26.1,26.9,27.3,24.4,22.8,22.3,21.6,21.3,21,20.3,20.6,21.7,1,22.5,27.3,20.3
4/23/2020,18.8,19.3,19.7,18.9,18.8,19.2,19.6,20.7,21.3,20.6,20.6,22.7,23.3,23.2,22.3,22.8,22.4,21.1,20.4,18.4,18,18.1,17.6,20,1,20.3,23.3,17.6
4/24/2020,17.1,17.1,17.1,17,17.1,16.8,17.1,17.7,17.9,18,18.4,18.6,19.4,19.8,19.5,19.6,19.3,19.3,19,18.7,18.5,18.6,18.7,17.2,1,18.2,19.8,16.8
4/25/2020,19.2,19.6,19,18.7,18,18,19.1,20.1,21.4,23.1,24.4,25,25.3,25.1,24.9,24.3,23.5,22.7,21.9,21.9,21.8,21,20.9,18.9,1,21.6,25.3,18
4/26/2020,20.4,20.1,20.1,20.2,19.9,20.1,20.9,22.7,23.9,25.8,25,26.3,25.6,26.2,25.8,25.8,25.4,24.2,23.4,22.8,21.9,21.9,21.6,20.5,1,22.9,26.3,19.9
4/27/2020,20.5,20.4,19.9,20.5,20.2,20.4,21.6,22.3,23.2,24.5,25.3,25.5,25.5,25.5,26.1,26.7,26.6,25.8,24.4,22.8,21.6,21.1,20.7,21.1,1,23,26.7,19.9
4/28/2020,21,20.6,19.9,20,20,20,22.4,23.9,25.2,26.7,27.6,28.7,29.5,29.9,29.6,28.1,27,26,24.8,23.4,22.6,22.1,22.9,20.6,1,24.3,29.9,19.9
4/29/2020,22,21.4,20.6,20.1,20.5,20.9,22.4,25.4,26.5,27.5,28.2,28.9,29.5,29.3,29.3,28.9,27.9,26.4,24.8,23.3,22.4,22.3,22,22.3,1,24.7,29.5,20.1
4/30/2020,21.7,20.8,20,19.5,19.5,19.3,22.3,24.7,26.4,28,29.7,30.4,29.8,30.1,29.1,28.7,28.4,26.8,25.8,23.5,23.3,22.7,23.1,21.9,1,24.8,30.4,19.3
5/1/2020,22.7,21.9,21.3,21.3,20.7,21.8,23.2,25.1,27.4,28.5,29.7,31,30.4,30.2,30.3,30.3,29.4,27.8,26.7,25.5,25.3,25.1,24.6,22,1,25.9,31,20.7
5/2/2020,23.4,23.7,23.8,24,23.2,23.3,24.4,28.4,29.4,30.6,31,30.2,30.1,29.5,29.9,29.1,28.9,27.8,27.3,26.9,25.5,25.1,24.6,24.2,1,26.8,31,23.2
5/3/2020,24.5,24.1,24.1,23.9,23.4,24.8,25.9,27.9,29.3,29.8,31,29.9,31.6,31.3,31.6,31.3,30.7,29.3,28.1,26.9,26.2,25.9,25.9,24.9,1,27.6,31.6,23.4
5/4/2020,25.5,25.1,25.1,24.9,25.2,24.9,26.4,27.6,29,30.6,31.9,32.8,33.2,33.1,32.3,31.5,30.7,29,27.7,27,26.8,26.2,26.2,26,1,28.3,33.2,24.9
5/5/2020,26.3,26.2,26,25.4,24.9,25.1,26.8,28.9,31.5,32.4,32.3,34.1,33.4,32.8,31.2,30.3,31.2,29.6,28.8,28.2,27.6,26.7,27.1,26.3,1,28.9,34.1,24.9
5/6/2020,27.2,27.3,26.9,26.4,26.4,25.5,27.5,28.8,30.8,31.1,31.9,32.6,33.1,32,32.4,30.7,29.2,28.3,27.6,27.6,27.4,27.6,27.1,26.8,1,28.8,33.1,25.5
5/7/2020,26.1,26.3,25.8,25.4,26,26.7,27.5,29.3,31,31.4,32.6,31.5,32.1,32.1,32.3,30.9,29.8,28.1,27.6,26.6,27,27.6,27.5,26,1,28.6,32.6,25.4
5/8/2020,26,25,24.6,24.4,24.2,24.8,26.5,28.9,31.2,31.8,33.2,32.6,33.5,33.3,32.5,31.7,30.7,29.8,29.5,28.6,28,28.2,27.7,26.7,1,28.9,33.5,24.2
5/9/2020,26.4,26.5,26.1,26.1,26.1,25.8,27.6,29.2,31.1,31.8,32.7,32.9,33.4,33.1,33.1,32.1,31.4,30.6,29.4,28.7,28.6,28.6,28,26.4,1,29.4,33.4,25.8
5/10/2020,27.4,26.7,26.8,27,26.8,26.8,28.3,30.2,31.2,33.1,33.9,34.5,34.6,33.8,33.8,32.9,30.5,28.6,28,27.2,26.7,26.5,26.5,27.6,1,29.6,34.6,26.5
5/11/2020,25.7,25.8,25.5,25.5,25.2,25.3,26.8,27.7,29.9,30.5,30.7,31.4,32.8,31.8,32.4,31.2,30.5,29.3,27.7,27.1,26.9,26.2,25.5,26.1,1,28.2,32.8,25.2
5/12/2020,25.8,25.4,25.3,25.2,24.9,25.6,26.2,26.4,26.1,26.9,28.1,27.5,28.8,28.7,28.7,28.3,27.4,26.5,25.8,24.9,24.2,24.1,23.8,25.4,1,26.3,28.8,23.8
5/13/2020,23.4,23.2,23,23.2,23.1,23.8,25.2,27.7,29.3,30.1,30.4,31.1,32,32.5,32.9,31.7,31.1,29.6,28.2,27,27,26,26.2,24,1,27.6,32.9,23
5/14/2020,26.1,25.9,25.1,24.6,24.3,24.5,25.4,26.9,29.3,29.7,31,31.6,32.4,31,30.3,30.5,29.7,28.7,27.6,27.2,27,26.4,26.4,26.2,1,27.8,32.4,24.3
5/15/2020,25,24.2,23.8,23.8,23.5,24.5,26.9,28.9,30.5,32.4,32.2,31.8,32.6,32.2,31.4,31.5,30.3,29.3,28.2,27.5,27.2,26.3,25.8,25.5,1,28.1,32.6,23.5
5/16/2020,25.3,25.8,25.4,25.2,24.8,25.3,26.8,28.6,29.8,32.3,32,30.3,31.4,31.5,31.5,25.2,23.5,24,24.3,24.4,24,23.5,23.4,25.6,1,26.8,32.3,23.4
5/17/2020,22.6,22.4,22.4,22.3,22.6,23.3,25.3,27.1,29.9,30.6,31.7,31.2,31.8,32.7,31.9,32.2,31.1,29.6,27.9,27.3,26,25.8,25.2,23.2,1,27.3,32.7,22.3
5/18/2020,26,26.1,25.7,25.2,24.9,25.2,26.8,27.4,26.7,23,24.3,26.6,27,28.2,28.4,27.2,26.7,24.7,24.5,24.2,24.7,24.5,24.6,25.6,1,25.8,28.4,23
5/19/2020,23.2,24.3,24.7,24.2,22.7,22.3,22.2,22.4,22.2,22.2,23.1,24.8,26,27.3,24.5,23.6,22.7,22.7,22.7,22.6,22.5,22.3,22.1,24.4,1,23.4,27.3,22.1
5/20/2020,22.1,22,22.1,22.2,22.1,22.1,22.9,24.1,25.7,27.7,29.4,30.1,29.5,30.7,30.3,28.9,27.6,26.2,25.5,25.3,25.1,24.7,24.6,22,1,25.5,30.7,22
5/21/2020,24.5,24.9,24.3,24.2,24.4,24.7,25.2,25.7,27.3,28,28.7,28.9,28.4,28.4,26.6,25.7,24.2,24,23.8,24,23.9,23.6,23,24.5,1,25.5,28.9,23
5/22/2020,23.5,23.2,23.3,24.2,24.1,24,24.3,24.8,24.8,25.6,25.2,26,26.2,25.5,25.6,25.6,25,24.7,24.2,24.3,24.3,24.5,24.4,23,1,24.6,26.2,23
5/23/2020,24.1,24.1,24,24.1,24,23.7,23.7,23.9,24.7,25.6,25.8,26.4,25.9,26.8,26.9,26.5,25.8,26.3,25.7,25.4,25.3,25,24.9,24.3,1,25.1,26.9,23.7
5/24/2020,24.4,24.3,24.2,24.3,24.3,24.3,24.5,26.5,27.9,29.9,29.6,31.2,31.3,30.8,30.6,30.1,30.5,29.5,27.3,26.5,26.5,26.5,25.9,24.6,1,27.4,31.3,24.2
5/25/2020,25.8,25.3,25.8,25.8,25.1,25.2,26.5,27.6,28.3,30.3,30.9,31.6,30.9,30.9,31,30.4,30.5,29.5,27.8,27.2,26.6,25.9,25.5,25.6,1,27.9,31.6,25.1
5/26/2020,26.3,26.1,26.1,25.8,26,25.5,27.5,28.5,28.9,29.2,27.4,27.6,24.6,25.3,24.8,27,27.9,27.7,26.6,26.3,26.2,24.8,24.5,26,1,26.5,29.2,24.5
5/27/2020,24.8,24.7,24.7,24.5,24.9,25.2,26.2,27.3,27.5,26.8,25.2,25.3,25.3,24.9,24.9,25.5,25.7,25.8,25.3,25.1,25.2,24.9,24.8,24.5,1,25.4,27.5,24.5
5/28/2020,25,25,24.4,24.3,24.4,24.4,24.8,24.5,24.6,25.6,28.4,28.5,25.2,26,27.1,26.4,26.7,26.5,25.9,25.3,25.1,24.9,25,25.1,1,25.5,28.5,24.3
5/29/2020,24.3,24.8,24.5,24.4,24.3,24.4,25.7,26.6,28.8,29.9,31.1,30.7,29.5,29.6,27.3,25.1,26.9,26.8,25.8,25.4,24.4,24.8,24.9,24.6,1,26.4,31.1,24.3
5/30/2020,24.3,24.2,24.2,24,23.6,24.2,26,28.4,30.1,30.6,30.1,31.1,32.1,31.3,29.6,30.3,29.7,29.6,28.3,28,27.5,26.8,26.7,24.7,1,27.7,32.1,23.6
5/31/2020,26.8,26.1,26.5,26.8,26.3,25.9,27.2,29.8,31.4,31,31.8,30.4,31.7,31.4,32.1,31.8,31.4,29.1,28.2,27.9,27.5,26.8,27.6,26.8,1,28.8,32.1,25.9
6/1/2020,27,26.2,25.8,25.5,25.2,26.3,28.3,29.8,30.7,32,32.4,32.5,31.7,32.5,33,32.1,31.7,30.4,29.1,28.4,28.1,27.3,27,27.1,1,29.2,33,25.2
6/2/2020,26.3,26.1,25.6,25.6,25.4,25.5,27.6,29.6,30.5,31.4,32.7,31.9,32.3,32.2,32,31.2,30.4,29.2,28.5,28.3,28,27.2,26.7,26.8,1,28.8,32.7,25.4
6/3/2020,26.1,25.5,25.3,25.6,25,25.2,28,29.6,31,31.9,31.3,32.6,32.8,33,32.8,32.9,32.4,31.5,29.3,28.5,27.9,27.2,27.1,26.8,1,29.1,33,25
6/4/2020,26,25.7,25.5,25.1,25,25.7,27.9,30,31.1,32.2,33,32.8,32.8,34.1,33.5,33,32.1,31.1,29.3,28.7,27.4,27.8,27.2,27,1,29.3,34.1,25
6/5/2020,26.4,26.1,26.2,26.5,25.7,26,27,30.5,31.7,32.9,33.1,33.3,32.9,32.1,32.9,32.5,32.9,31.9,30.2,29.6,29.3,28.8,28.4,27.1,1,29.8,33.3,25.7
6/6/2020,27.4,26.6,26.2,26.3,26.2,27,28.3,29.2,29.8,29.7,31.5,33.5,33.2,32.3,32.4,31,30,27.2,26.3,26.4,26.2,26.1,26.2,27.9,1,28.6,33.5,26.1
6/7/2020,26,26.8,26,25.6,25.6,25.6,27.2,30.4,30,32.5,31,25.3,27.3,29,26.9,27,26.8,25.7,25.7,25.1,24.9,25.2,24.2,26.1,1,26.9,32.5,24.2
6/8/2020,25.2,25.1,25.6,25.2,25.3,24.9,26.4,26.5,27,27.8,28.6,28.6,28.5,27.7,24,23.3,23.4,23.3,22.8,23.2,23.3,23,23.2,24,1,25.2,28.6,22.8
6/9/2020,24.2,23.9,23.7,23.7,23.4,23.7,24.2,26.1,27.4,28.4,28.8,29.4,29.9,28.9,29.4,27,24.6,23.4,23.8,23.8,23.4,23.9,24.2,24.3,1,25.5,29.9,23.4
6/10/2020,24,23.6,24.1,24.7,23.8,24.4,25,26.1,29.3,31.1,32.2,32,31.4,31.3,31.9,32.4,30.8,29.8,28.6,27.5,27,27.5,27.1,23.9,1,27.9,32.4,23.6
6/11/2020,25.9,26,25.8,25.7,25.8,26.1,26.9,28.4,30.9,32.15,31.8,31.65,31.75,31.05,32,31.8,30.9,30.05,29,28.1,27.3,27.2,26.9,26,1,26,26.9,25.7
6/12/2020,25.95,25.9,25.8,25.7,25.8,26.1,26.9,28.4,30.9,32.15,31.4,31.3,32.1,30.8,32.1,31.2,31,30.3,29.4,28.7,27.6,26.9,26.7,26.1,1,30,32.1,26.7
6/13/2020,26,25.8,25.8,25.9,25.7,26.3,28.7,30.7,32.5,33.2,32.6,33.2,33.5,32.8,33.1,31.1,28.9,27.5,27.5,26.7,27,26.6,26.2,26.2,1,28.9,33.5,25.7
6/14/2020,25.5,25.4,25.7,25.3,25.1,25.9,28.3,30.1,30.8,32.1,33.1,33.3,32.95,33,33.2,31.95,29.45,28,27.45,26.5,26.55,26.15,26,26,1,28.2,33.3,25.1
6/15/2020,24.45,24.8,24.8,24.6,24.1,25.2,27.4,29,30.8,31.7,32.5,32.4,32.4,33.2,33.3,32.8,30,28.5,27.4,26.3,26.1,25.7,25.8,25.3,1,28.4,33.3,24.1
6/16/2020,25.6,25.4,25.1,25,24.8,25.8,27.5,29.3,31.2,32,32,33.1,32.9,31.8,32.1,31.7,30.9,30.8,29.3,28.8,28.1,27.4,27.1,25.8,1,28.9,33.1,24.8
6/17/2020,26,25.9,25.7,25.2,25,26.5,28.6,29.5,30.8,31,32.25,33.5,33.6,33.7,33.1,33.3,32.7,31.2,29.5,27.9,27.6,27.5,26.8,26.7,1,29,33.7,25
6/18/2020,26.1,26.3,26,25.8,25.9,26.5,27.2,29.6,31.1,32,31.6,33.8,33.5,34.3,34.6,33.9,32.6,31,30.1,29,28.3,28.2,27.6,26.4,1,29.6,34.6,25.8
6/19/2020,26.4,26.1,25.9,25.8,25.6,25.8,27.9,29.8,31.1,32.1,33.2,33.3,33.1,33.4,33.2,32.4,32.2,31.1,29.9,28.3,27.5,28.3,27.8,27.3,1,29.5,33.4,25.6
6/20/2020,26.3,26.7,26.5,26.5,26.5,27.1,29,30.2,31.3,32,32.6,32.8,32.8,32.7,32.9,33.1,32.2,31.6,30.1,29.1,28.6,28,27.7,27,1,29.7,33.1,26.3
6/21/2020,27.1,26.4,26,25.8,25.8,26.8,29.1,30.2,31,29.9,29.3,30.2,31.1,33.2,32.7,32.1,31.6,31.4,29.9,29.1,28.7,28.5,27.3,27.4,1,29.2,33.2,25.8
6/22/2020,26.7,26.4,26,25.6,25.8,26.6,26.4,29.2,31.2,32,32.2,33.4,34,34.1,33.9,33.2,32.2,31.4,30.2,29.3,28.7,28.2,27.4,27,1,29.6,34.1,25.6
6/23/2020,27.2,27.2,26.3,26.8,26.4,26.7,28.8,31.1,31.8,33.3,33.5,34,33.9,33.5,33.6,33.1,32.3,31.6,30.7,29.7,29.3,28.8,28.1,26.3,1,30.2,34,26.3
6/24/2020,27,26.9,26.7,26.6,26.1,26.3,27.9,30.7,31.3,32.5,32.7,33.7,33.7,33.8,33.6,33,31.9,31,30.2,29.8,29.5,29.2,28.9,27.4,1,30,33.8,26.1
6/25/2020,27.6,27.7,27.2,26.8,26.5,27.1,28.9,29.8,31.9,33.2,34.1,34.3,34,33.6,34.2,33.2,32.9,31.6,30.3,29.9,29.4,28.9,28.7,28.4,1,30.4,34.3,26.5
6/26/2020,27.4,27,27,26.7,26.4,26.6,28.1,29.4,32.1,32,34.2,35.3,33.1,28.6,24.2,25.5,24.1,24.3,24.1,24.3,24.9,24.6,24.9,27.9,1,27.6,35.3,24.1
6/27/2020,25,25.1,24.8,24.5,23.8,24.9,26.7,29.7,31.2,32.4,32.8,32.8,33,32.6,32.4,32.7,30.8,29.6,28.9,27.8,27.6,27.5,27,25.3,1,28.7,33,23.8
6/28/2020,26.5,26.8,26.9,26.4,26.2,26.5,28.9,30.2,31.5,32.5,33.6,34.2,34.5,33.9,33.1,33,32,31.1,28.7,28,27.2,27.2,27.2,26.8,1,29.7,34.5,26.2
6/29/2020,27.8,28.2,27.8,26.9,26.5,26.6,28.6,28.7,31,32.5,32,33.8,34,34.6,34.9,34.3,34.1,32.4,31,30.3,29.6,29,29,27.8,1,30.5,34.9,26.5
6/30/2020,28.5,28.4,28,27.6,27.4,27.3,28.5,30,31.3,32.4,32.7,34.4,33.1,33.3,33.3,33.5,31.9,30.9,30.2,29.5,29.1,28.9,28.3,28.6,1,30.3,34.4,27.3
7/1/2020,27.4,27,27.1,26.8,26.8,26.8,28.9,30.7,31.8,32.5,33.1,33.6,34.1,31.5,30.1,30.8,26.7,25.7,26.2,26.2,26.3,26.3,26.2,27.5,1,28.8,34.1,25.7
7/2/2020,26,25.6,26.45,26.3,26.25,26.2,27.5,29.5,32.2,32.8,33.6,34,34.3,31.1,30.2,27.8,26.5,25.9,25.5,25.5,25.4,25.4,25.5,26.4,1,28.6,34.3,25.4
7/3/2020,25.6,25.7,25.8,25.8,25.7,25.6,26.1,27.4,31.1,32.4,33.2,33.9,33.8,33.4,32.3,26.4,26.5,26,25.8,25.3,25.3,25.5,25.8,25.6,1,27.9,33.9,25.3
7/4/2020,25.6,25.6,25.3,25.2,25.2,25.5,26.5,27.5,30.1,31.8,32.6,33.6,33.4,33.9,32.5,32.8,31.5,30.7,28.3,27.7,27.5,27.2,27,25.8,1,28.9,33.9,25.2
7/5/2020,26.8,26.6,26.9,26.5,26.5,26.7,27.7,30,31.3,32.2,32.5,33.8,34,33.9,33.4,33.1,32.6,30.5,29,28.7,28,27.7,27.1,27.1,1,29.7,34,26.5
7/6/2020,26.7,26.4,26.3,26.3,26,26.6,28.6,30.7,31.7,31.5,32.2,27.6,31.3,29.8,30.2,32.7,31.9,31.1,29.8,29.6,29.3,28.7,28.3,26.8,1,29.2,32.7,26
7/7/2020,28.2,27.2,26.8,26.4,26.8,27.2,28.2,30.5,31.4,32.4,32.5,33.5,33.7,34,34.4,33.5,32.9,31,30.2,29.4,28.8,28.4,28.1,28.2,1,30.2,34.4,26.4
7/8/2020,27.1,26.8,26.8,27,27.1,27.2,28,30.3,31.7,33.1,33.7,34.4,34.9,34.7,33.6,33.2,32.2,31.3,30.4,29.9,29.3,28.65,28.25,27.5,1,30.5,34.9,26.8
7/9/2020,27,27.15,27.5,27.3,26.5,27.2,27.4,29.6,31.2,31.4,32.2,33.8,34.7,34.4,33.1,32.3,31.3,30.6,30.3,30.2,29.8,28.9,28.4,27.75,1,30.4,34.7,26.5
7/10/2020,28,27.7,26.9,26.8,26.2,26.5,27.6,31.2,32.9,33.5,34.1,35,31.7,32.1,33.7,33.7,33,30.4,29.5,29,28.3,28.3,27.7,28,1,30.1,35,26.2
7/11/2020,27.2,26.7,26.5,26.3,26,26.5,28.2,30.5,32.6,33.3,34.5,34.4,34.6,34.9,34,33.8,32.8,32.1,30.2,28.8,27.2,26.6,26.5,27.7,1,30.1,34.9,26
7/12/2020,25.8,25.5,25.5,25.2,25.1,25.4,26.9,30.1,31.9,33.2,34.4,34.8,35.1,35.1,34.8,34.5,33.6,31.9,30.4,29.8,29.2,28,28.6,26.3,1,30,35.1,25.1
7/13/2020,28.2,28.4,27.8,27.7,27.5,27,29.2,30.8,32.5,33,33.8,34.6,35.3,35.4,35.6,34.8,34.2,32.9,31.8,30.6,29,28.4,28,29,1,31.1,35.6,27
7/14/2020,27.3,27.9,27.9,27.2,27.7,28,29.2,31.2,31.6,32.7,34.5,34.4,35.5,34.5,34.4,34.7,33.6,32.2,31.2,30.3,30.1,29.9,29.9,27.8,1,31,35.5,27.2
7/15/2020,28,28.1,28.3,27.5,27.4,28.1,27.9,29.2,31.1,31.1,31.4,31,32.5,32.2,31.4,30.1,30.2,30.1,30.1,29.3,29.1,29,28.7,28.3,1,29.6,32.5,27.4
7/16/2020,28.5,28,28.1,28.3,28,27.9,27.2,26.3,27.4,28.2,27.6,27.7,29.9,30.1,30,31,30.6,30.1,29.3,26.9,27.9,27.3,27.1,28.8,1,28.4,31,26.3
7/17/2020,26.3,26.2,25.6,25.6,26.1,26.5,28.8,30,31.8,31.4,30.1,32.6,34.8,34.5,34.2,33.8,33,32.5,31.1,30.4,30.1,29.4,28.7,26.6,1,30,34.8,25.6
7/18/2020,27.6,27.5,27.4,27.2,26.7,27.4,28.8,31.3,32.2,33.2,34.6,34.7,35.3,35,35.3,34.5,33.4,32.5,31.2,30.4,29.9,29.4,29.1,28.3,1,31,35.3,26.7
7/19/2020,29,28.5,28.4,27.9,27.1,27.5,29.4,31.1,32.6,33.4,35,34.9,34.4,34.1,34.1,30.9,29.7,27.1,26.9,27.2,27.1,27,26.9,29.1,1,30,35,26.9
7/20/2020,26.2,25.5,25.4,25,24.6,25.3,27,29.4,32,32.5,33.7,34.8,35.5,35.8,34,34.1,28.1,25.2,25.9,26,25.8,25.5,25.4,26.5,1,28.7,35.8,24.6
7/21/2020,24.8,24.4,24.6,24.7,24.4,24.5,26.8,28.7,31,32.8,33.9,34.4,33.3,34.4,33.7,33.3,32.6,31.3,30.2,30,29.4,29.3,28,25.2,1,29.4,34.4,24.4
7/22/2020,27,26.6,26.5,26.4,25.9,26.2,29.4,30.6,32,32,32.6,33.3,34,33.4,33.6,33.7,32.2,31.9,30.2,29.6,28.9,28.7,28,27.2,1,30,34,25.9
7/23/2020,27.3,27.1,26.9,27.1,27,26.8,28.8,30.1,32.1,33,33.8,34.4,34.6,34.5,34.1,33.7,31.3,27.9,27.4,28,27.6,27.6,27.2,27.8,1,29.8,34.6,26.8
7/24/2020,26.5,26.1,26.4,25.9,26.1,26.2,27.2,30.3,32.3,33.5,32.8,33.7,34.1,34.5,34.2,34.8,34.4,33.2,31.4,30.8,29.1,28.8,28.5,26.9,1,30.3,34.8,25.9
7/25/2020,29.1,28.8,28.7,28.9,28.8,28.8,29.8,30.1,30.6,31.9,32.3,31.7,33.5,33.4,33,29.6,29.8,29.5,28.2,27.2,26.8,27.1,26.8,28.7,1,29.7,33.5,26.8
7/26/2020,26.2,25.9,25.7,25.5,25.6,25.4,27.4,29.6,32.6,33.1,33.6,34.3,30.7,30.5,31.6,31.8,31.7,27.8,22.8,25.1,26,25.8,25.9,26.7,1,28.4,34.3,22.8
7/27/2020,25.9,25.7,24.6,25.5,25.5,25.4,26.4,28.3,31,32.2,33.4,31.8,33.1,32.6,29.8,31,24.2,24.6,25.1,24.9,25.5,25.5,25.7,25.7,1,27.6,33.4,24.2
7/28/2020,26.3,26.1,26.2,25.8,25.9,26.2,26.7,29.1,31.5,32.1,32.9,33.5,33.1,32.6,27.1,24.9,24.8,24.9,25.2,25.2,24.8,24.7,24.5,26.2,1,27.5,33.5,24.5
7/29/2020,24.4,25,24.7,24.3,24.3,24.3,26.7,28.5,28.8,32,31.9,30.4,30.4,30.6,30.8,30.7,31,29.4,28.7,28.2,28,27.6,27,24.5,1,28,32,24.3
7/30/2020,26.2,26.7,26.4,26.1,26.2,26,26.8,27.4,28.4,30.2,30.2,31.7,32.2,32.2,32,30,29.2,29.1,28.4,28.7,28.3,28.1,27.8,26.9,1,28.6,32.2,26
7/31/2020,27,26.5,26.3,26.2,26.3,26.3,27.5,30.3,31.8,32.9,33.4,33.1,34.2,32.1,33.8,34.3,34.1,32,30.9,30.1,28.9,28.1,28,27.3,1,30.1,34.3,26.2
8/1/2020,27.4,26.9,26.5,26.1,25.7,25.8,27.8,30.2,32.5,32.2,32,34.5,34.5,31.6,29.9,26,26.9,27.7,27.2,26.7,26.3,26.3,26.3,27.9,1,28.5,34.5,25.7
8/2/2020,25.8,25.8,25.5,25.5,25.2,25.8,27.4,29.2,30.3,31.6,30.8,31.9,31.7,30.8,27.2,27.4,28.7,28.9,28.3,24.8,24.9,25.5,25.9,26.2,1,27.7,31.9,24.8
8/3/2020,26,26.1,25.8,25.9,25.9,25.8,26.3,26,26.1,27.5,27.9,26,24.8,25.2,25.9,25,24.9,25,24.9,24.8,24.6,24.3,24.3,25.9,1,25.6,27.9,24.3
8/4/2020,24.9,24.9,25.2,25.6,25.6,25.3,26.2,27.6,26.9,27.5,27.7,29,29.3,29.6,29.7,30.2,29.8,29.3,28.6,28.5,26.3,25.9,25.7,24.4,1,27.2,30.2,24.4
8/5/2020,24.7,24.8,24.5,24.5,24.4,24.5,26.2,29.4,31.3,31.5,32.9,33.2,33.3,33.3,31.9,31.1,31.8,31.1,30.1,28.5,27.7,27.3,27.1,25.6,1,28.8,33.3,24.4
8/6/2020,26.3,26.3,25.7,25.2,25.2,25.4,27.6,28.9,30.6,32.7,33.4,34.9,34.7,34.5,34.3,33.1,33.8,32.3,31,29.3,28.6,27.7,27.7,26.9,1,29.8,34.9,25.2
8/7/2020,27.6,27.1,26.9,26.8,26.2,26,27.4,28.9,30.45,32,32.1,33.4,33.3,33.6,33.8,33.5,32.3,31,29.7,29.1,28.8,28.2,27.7,27.7,1,29.7,33.8,26
8/8/2020,27,26.6,26.7,26.8,26.6,26.2,27.3,29,29.9,31.4,31.7,32.3,32.7,33.1,32.3,32.2,31.5,30.6,29.5,28.9,28.4,27.6,27.4,27.4,1,29.3,33.1,26.2
8/9/2020,27,27.5,27.3,27.4,27.3,27.2,27.3,29.1,30.5,32.4,31.8,31.9,33.3,33.2,33.3,32.8,32,30.7,30,28,27.5,27.4,26.9,27.3,1,29.5,33.3,26.9
8/10/2020,27.1,27,27,26.6,26,26.1,27.4,28.9,31.4,32.4,32.2,33.8,32,31.7,27.4,26.6,25.6,26.1,26.6,26.4,26.3,26.2,26.1,27.3,1,28.1,33.8,25.6
8/11/2020,25.7,25.5,25.4,25.5,25.6,25.5,26.2,26.7,27.7,28.5,29.7,30,27.5,28.4,30.1,29.6,29.3,26.6,26.3,25.9,25.9,26,25.9,25.9,1,27.1,30.1,25.4
8/12/2020,25.2,25.2,24.7,24.7,24.3,24.5,26.9,29.4,30.6,32,33,32.6,33.3,33,31.2,25.6,24.1,25.2,25.2,25.3,25.2,25.2,24.5,25.7,1,27.4,33.3,24.1
8/13/2020,24.4,24.4,24.3,24.1,23.9,23.8,25.8,28,30,31.1,31.9,31.5,32.5,32.8,32.6,32.9,32.2,31.2,30.2,28.1,27.5,27.1,26.6,24.5,1,28.4,32.9,23.8
8/14/2020,25.2,25.3,24.8,24,23.9,24.1,26.05,27.85,29.5,31.6,32.6,31.3,32.5,32.6,32,31.7,30.8,29.8,29.3,29.2,28.3,27.4,26.1,25.8,1,28.5,32.6,23.9
8/15/2020,25.65,26.2,25.9,25.8,25.6,25.6,26.3,27.7,29,30.4,31,31.7,31.4,30.3,25.5,25.9,26.1,25.8,25.5,25.4,25.6,25.1,25.3,26.1,1,27.1,31.7,25.1
8/16/2020,24.3,24.4,24.1,23.9,23.8,23.5,25.3,27.3,28.8,30.3,31.6,31.95,32.1,31.5,29.3,31.6,29.2,27.8,27.5,27.3,26.9,26.5,25.9,24.7,1,26.5,31.6,23.5
8/17/2020,25.3,25.1,24.8,25,24.8,24.5,26.9,28.6,30.6,31.7,32.2,32.2,32.8,32.7,33.1,33.6,31.4,28.8,27.9,27.7,27.8,27.9,27.4,25.6,1,28.7,33.6,24.5
8/18/2020,26.4,26.4,26.1,25.9,25.8,25.7,26.3,27.5,30.2,31.7,32.7,33.8,34,33.2,33.4,32.1,25,24.5,25.1,25.8,25.5,25,25.3,26.9,1,28.1,34,24.5
8/19/2020,25.2,25.2,25.1,24.8,24.6,24.8,26.7,28.7,30.9,31.2,32.7,33.7,33.7,33.5,33.3,32.9,32.4,29.3,28.9,28.3,27.5,27,26.9,25.5,1,28.9,33.7,24.6
8/20/2020,26.9,26.5,26.2,26,25.8,25.8,27.5,29.3,30.8,31.5,32.5,33.4,33.8,34.2,32.9,30.9,25.9,26.3,26.5,26.4,26.5,26.4,26.4,26.8,1,28.6,34.2,25.8
8/21/2020,26,25.5,25.6,25.2,25.1,24.8,26.7,28.4,30.3,31.4,32.4,32.7,33.5,32.9,32.7,33.2,31.1,30.4,29.6,28.9,26.3,26.1,26.05,26.4,1,29.2,33.5,24.8
8/22/2020,27.9,27.4,27.1,27.2,27.2,26.8,27.2,29.1,30.9,30.5,30.7,30.1,29.8,30.6,28.1,26,26.9,27,26.8,26.2,26.1,25.8,25.7,28.3,1,27.9,30.9,25.7
8/23/2020,25.4,25.8,25.9,26,25.9,25.9,26.1,29.45,30.8,31.1,29.45,29.5,31.9,32.2,30.625,29.25,29.35,28.85,28.4,27.8,27.3,26.8,26.55,25.6,1,25.8,26.1,25.4
8/24/2020,26,26,26.1,26.35,26.2,26.4,27,29.45,30.8,31.1,29.45,29.5,31.9,32.2,30.625,29.25,31.8,30.7,30,29.4,28.5,27.8,27.4,26.3,1,29.4,31.8,27.4
8/25/2020,26.6,26.2,26.3,26.7,26.5,26.9,27.9,29.8,30.7,31.7,29.45,29.5,34,33.8,33.15,32.5,31.9,31.3,30.1,29.5,29.3,29.1,28.7,27,1,29.4,34,26.2
8/26/2020,27.9,27.8,27.4,27,27.1,26.7,27.5,28.8,26.4,27.6,28.2,28.9,28.7,27.9,27.7,27.4,28,27.6,26.5,26.9,27.2,27.3,26.6,28.3,1,27.6,28.9,26.4
8/27/2020,26.6,26,26.3,26.2,26.7,25.5,26.1,27.5,28.9,27.8,29.8,29.2,29,30.4,29.7,28.8,27.3,26.6,26.2,25.4,25.1,25.2,25.2,26.5,1,27.2,30.4,25.1
8/28/2020,25.2,24.8,24.7,25.3,25.7,25.6,25.8,26.1,26.4,28.2,28.6,31.1,32.7,31.9,32.1,30.2,29.5,28.15,27.4,26.75,26.2,26.05,25.85,25.5,1,27.7,32.7,24.7
8/31/2020,26.9,27.2,27.2,27,26.3,25.9,26.9,29.2,30.2,30.7,30.5,30.6,30.5,27.8,31.5,31,30.1,29.7,28.6,28.1,27.3,26.9,26.5,26.6,1,28.5,31.5,25.9
9/1/2020,25.7,25.3,25.1,24.8,24.8,24.6,25.8,27.6,29.4,30.5,31.6,32.1,31.8,32.5,32.4,32.4,31.7,30.5,29.2,28.3,27.3,26.9,26.8,25.9,1,28.5,32.5,24.6
9/2/2020,26.7,27,27.2,26.9,26.4,26.3,27,29.3,30.7,31.9,32.3,32.9,33.7,33.9,32,32.8,31.8,30.6,29.2,28.7,28.1,27.5,27.4,26.9,1,29.5,33.9,26.3
9/3/2020,26.2,26.1,26.1,25.9,25.8,25.8,26.6,29.6,31,31.8,32.2,33.1,33.4,26.4,25.1,27.3,28.2,27,26.5,28.5,27.85,27.3,27.15,26.6,1,28,33.4,25.1
9/4/2020,25.1,25,24.6,24.5,24.1,23.9,25.6,27.9,29.5,30.8,32,33,34.1,33.9,33.6,32.5,31.4,30.3,29.4,28.3,27.6,27.1,26.9,25.2,1,28.6,34.1,23.9
9/5/2020,26.6,26.3,26.2,26.2,25.5,25.6,26.3,27.2,28,29.8,30.8,30.8,31,32.1,32.1,32.1,30.7,29.2,28.3,28.1,27.6,25.3,24.5,26.7,1,28.1,32.1,24.5
9/6/2020,23.6,23.3,23.2,23,22.6,22.2,24.6,26.3,27.9,30.2,31.6,32.3,31.4,31.7,31.6,31.3,30,28.1,26.5,23.6,24.1,22.7,22.8,24,1,26.6,32.3,22.2
9/7/2020,21.6,22.4,22.5,22.1,21.3,20.7,23,24.9,28.2,30.4,31.6,33,34.3,34.2,32.15,30.625,30.1,29.1,28.3,26.9,26.4,25.7,25.9,22.2,1,26.6,34.3,20.7
9/8/2020,25.8,25.4,25,24.3,24.4,24.3,25.6,28.3,29.8,30.1,32.5,32.9,33.6,32.8,32.5,32,30.9,29.7,28.6,27.4,26.5,26.3,26,25.8,1,28.4,33.6,24.3
9/9/2020,25.8,25.6,25.1,25,25.1,25,26.1,27.7,28.5,30.5,31.9,32.9,33.7,32.8,31.6,30.6,30.5,29.6,28.8,27.9,27.1,26.7,26.6,26,1,28.4,33.7,25
9/10/2020,26.5,26.4,26.1,26.3,26.2,26.1,26.5,27.8,29.1,29.8,31.9,32.4,31.1,32.1,31.7,31.8,28.2,27.5,26.7,26.5,26.1,26.2,26.2,26.6,1,28.2,32.4,26.1
9/11/2020,25.8,25.5,25.2,25.2,25.2,24.9,25.6,26.8,28.3,30.8,32.4,32,31.9,33.6,33,31.3,28.6,27.7,26.9,26.4,26.1,26.4,26,25.9,1,28,33.6,24.9
9/12/2020,25.7,25.4,25.3,25.5,25.2,24.9,26.2,27.6,30.5,30.6,31.1,31.2,32.1,33.1,31.5,27.6,26.8,26.5,26.3,25.8,25.8,25.4,25.4,25.9,1,27.6,33.1,24.9
9/13/2020,25.5,25.2,24.9,24.5,24.3,24.1,25,27.7,29.8,30.8,32.2,33.4,31.8,30.2,28.2,28,28.7,28.7,27.6,27,26.6,26.5,26.4,25.6,1,27.6,33.4,24.1
9/14/2020,25.9,25.5,25.2,25.2,25.1,25,26.3,28.3,30.1,31.3,32.8,33.3,33.5,33.6,33.6,32.8,31.9,30.4,29.2,28.2,27.8,27.1,26.7,26.3,1,29,33.6,25
9/15/2020,26.2,25.9,25.7,25.4,25.1,25,26.5,28.5,29.9,31,32.6,32.7,33.3,33,32.8,31.7,31.2,30.1,29.3,28.6,28.4,27.8,27.2,26.4,1,28.9,33.3,25
9/16/2020,26.2,26,25.5,25,25,25.2,27.3,29,30.8,32.1,32.7,33.6,34,33.6,33.1,33,32,31.1,29.5,28.2,27.7,27.5,27.4,26.7,1,29.3,34,25
9/17/2020,26.8,26.6,26.1,25.7,25.7,25.4,26.6,28.5,30.1,31.2,32.8,33,33.1,33.9,34.2,33.2,32.1,31,29.2,28.1,27.6,27.6,27.5,27.2,1,29.3,34.2,25.4
9/18/2020,27.2,26.5,26.1,25.9,25.7,25.6,27.2,29.3,31.05,32.8,33.7,32.9,34.3,34,33.8,33.4,32.5,31.3,30.5,28.9,28.1,27.8,26.5,27.4,1,29.6,34.3,25.6
9/19/2020,26.3,25.8,25.3,24.8,24.9,24.9,25.9,28,30.2,31.6,32.8,32.8,33.6,33.8,32.7,31.6,30.6,29.5,28.9,27.9,27.3,27,26.9,26.6,1,28.7,33.8,24.8
9/20/2020,26.1,25.9,26.2,26.1,25.6,25.4,26.4,28,29.8,31.4,32.6,33.2,32.8,32.8,32.7,32.3,31.7,29.7,28.6,27.9,27.5,26.9,26.2,26.7,1,28.9,33.2,25.4
9/21/2020,26.3,26.1,26.1,26.3,26.1,25.6,26.8,28.7,29.2,31.2,32.1,33.1,33.5,33.3,32.7,31.7,31.2,29.5,28.5,27.5,26.7,25.7,25.3,26.2,1,28.7,33.5,25.3
9/22/2020,24.8,24.7,24.7,24.1,24,23.6,24.9,26.5,28.8,30.3,31,32.5,33,33.7,32.7,32.8,30.3,28.7,27.6,26.8,25.9,25.3,25.2,25,1,27.8,33.7,23.6
9/23/2020,24.4,24.2,23.9,23.8,23.8,23.8,25.2,27.4,29.3,30.7,31.4,32,32.6,32.7,32.4,30.9,29.6,28.6,27.8,26.5,25.8,25.8,25.3,24.5,1,27.6,32.7,23.8
9/24/2020,25,25,24.7,24.5,24.3,24.3,25.4,27.9,30,30.6,31.5,32.2,31.3,32.1,30.9,29.8,28.6,27.6,26.4,25.5,25.5,25.4,25.2,24.9,1,27.4,32.2,24.3
9/25/2020,24.8,24.9,24.6,24.4,24.4,24.5,25.1,26,28.5,29.3,28.9,28.7,28.9,29.9,30.4,29.8,28.2,27.4,26.9,25.45,25.35,25.4,25.1,25.1,1,27,30.4,24.4
9/26/2020,24,24,23.9,23.2,23.2,23.2,25.1,26.2,27.2,29.4,30.6,31.1,30.9,30.7,29.6,28.6,28.1,27.5,26.2,25.4,25.2,25.4,25,24.6,1,26.6,31.1,23.2
9/27/2020,24.2,24.1,23.6,23.5,23.5,23.7,24,24.9,26.3,27.6,28.6,29.4,27.8,27.7,27.2,26.9,26.4,25,24.3,24.2,24.4,24,24,24.9,1,25.4,29.4,23.5
9/28/2020,23.6,23.8,23.6,23.7,23.7,23.7,24,24.4,24.8,24.9,26.4,27.3,27.4,27.6,27.7,27.5,27,25.9,25.6,25.1,24.8,24.7,24.4,23.9,1,25.2,27.7,23.6
9/29/2020,24.4,24.5,24.2,24,24.1,23.7,24.9,26.6,27.5,29.6,31.1,32,32.6,31.2,31.3,29.1,27.9,27,26.4,26.1,25.8,25.6,25,24.4,1,27,32.6,23.7
9/30/2020,24.5,24.8,24.5,24.1,24,24.2,24.4,25.9,27.7,29,29.4,29.8,29.1,28.2,27.4,26.3,25.5,25.2,24.4,24.3,24.1,23.8,23.3,24.5,1,25.8,29.8,23.3
10/1/2020,23.2,23.1,23,23.2,23.2,22.8,23.6,25.8,27.9,29.7,30.4,30.9,31.3,31.2,32.2,31.5,29.6,27.6,26.3,25.6,25.6,25.4,25.3,23.4,1,26.7,32.2,22.8
10/2/2020,24.8,24.5,23.9,23.9,23.6,23.4,24.6,27.2,29.1,30.1,30.9,31.7,32.2,32.6,31.8,31.1,29.5,27.8,26.7,25.9,25.2,25.6,25.2,25.2,1,27.4,32.6,23.4
10/3/2020,24.9,24.4,24.2,24,23.6,23.3,25.4,27.7,29,30.15,31.1,31.6,32.05,32.3,31.35,31.2,30,28.4,26.9,26.1,26.3,25.9,25.5,24.8,1,26.2,31.2,23.3
10/4/2020,24.3,23.7,23.5,23.1,22.8,22.5,24.1,27.45,28.95,30.15,31.1,31.6,32.05,32.3,31.35,30.6,29.4,27.95,26.8,26.1,26.05,25.55,25.25,25.1,1,23.6,25.1,22.5
10/5/2020,24.7,24.3,24.2,23.7,23.5,23.1,24.8,27.2,28.9,30.2,31.3,31.5,31.9,32,30.9,30,28.8,27.5,26.7,26.1,25.8,25.2,25,25.5,1,27.2,32,23.1
10/6/2020,24.5,23.8,23.6,23.6,23.2,22.5,24,25.9,27.3,29,30,31.2,31,30.2,30,29.2,27.9,25.8,24.8,24.1,23.3,22.8,23.3,24.6,1,26.1,31.2,22.5
10/7/2020,23.2,23.3,22.4,21.8,21.5,22.2,23,24.1,25.7,26.6,28.9,30.1,30.4,29.9,29.2,28.3,27.1,25.7,24.7,24.2,23.7,23.3,22.4,22.9,1,25.2,30.4,21.5
10/8/2020,21.8,22.3,22.5,22.6,22.9,23.2,23.4,25.4,25.9,27.9,28.9,30.5,30.3,29.7,29.2,28.6,27.6,26.1,25.4,24.5,23.9,23.3,23.5,21.8,1,25.5,30.5,21.8
10/9/2020,23.4,23.4,23.1,23.1,23.2,23.1,23.7,25.1,26.5,27.2,28.2,29.5,30.7,30.6,30,29.3,27.8,25.8,24.7,24.5,23.5,22.4,22.4,23.6,1,25.6,30.7,22.4
10/10/2020,21.4,21.2,21.2,22,21.8,20.8,23.2,25.3,26.8,28.9,29.9,31,31.5,31.3,30.9,29.9,28.5,26.4,25.4,24.6,23.9,23.3,22.6,22.1,1,25.6,31.5,20.8
10/11/2020,22.1,21.8,21.7,21.5,21.2,21.2,22.8,25.3,26.6,28.5,29.9,31.1,31.4,32.1,31.9,30.8,29.3,27.6,26.6,26.3,26.3,26,25.4,22.3,1,26.2,32.1,21.2
10/12/2020,25.6,25.5,25.1,24.6,24.2,24,25,26.1,28,28.5,30.9,31.7,32.5,31.9,31.2,30.9,29.2,28.1,27.8,27,26.8,26.8,26.5,25.5,1,27.6,32.5,24
10/13/2020,25.5,25,24.4,24.1,24.3,24.5,25.5,27.3,28,29.3,30.5,31.2,31.6,32.2,32.1,32,30.3,28,27,26.3,25.7,25.5,25.3,26.3,1,27.6,32.2,24.1
10/14/2020,24.6,24.5,24.1,24.1,24.2,24.3,24.8,26,28.5,29.2,30.9,31.3,32.9,32.1,32.2,30.9,29.9,27.5,26.4,25.9,25.2,25,25.4,25,1,27.3,32.9,24.1
10/15/2020,24.5,24.3,24.2,24.2,24.2,23.9,24.3,27,28.3,29.4,30.1,30.7,30.8,31.3,31.5,30.5,29.5,28,27.1,25.6,24.9,25,24.7,25.1,1,26.9,31.5,23.9
10/16/2020,25.4,25.5,25.3,24.6,24.1,24.4,25.3,26.6,27,29.3,30.1,31.4,30.4,31.5,31.5,31.1,29.7,27.9,27.1,26.1,25.5,24.6,24.6,25,1,27.3,31.5,24.1
10/17/2020,23.9,24.1,24,24.1,24.1,24.1,24.4,25.3,26.4,26.1,27.9,28.7,29.9,29.9,29.3,28.3,27.6,25.9,25.4,25.1,24.5,23.9,23.5,24.4,1,25.9,29.9,23.5
10/18/2020,22.6,21.9,21.7,21.6,21.3,21.2,22.6,24.4,26.1,27.8,28.9,30.2,29.6,29.8,30,28.6,26.5,25.3,24.5,24.2,23.8,23.3,22.3,23.1,1,25.1,30.2,21.2
10/19/2020,22.6,22.2,21.5,21.5,21.3,21.1,22,23.7,25.5,27.6,28.7,30.4,31.3,30.9,30.3,29,27,25.4,24.5,24.4,24.4,24.1,23,22.3,1,25.2,31.3,21.1
10/20/2020,22.4,22,22.2,21.9,21.3,21.3,22.8,24.2,26.5,28.3,29.4,30.3,31.6,31.1,30.6,29.35,28.1,26.6,25.8,25.1,24.5,23.7,23.4,22.5,1,25.5,31.6,21.3
10/21/2020,22.8,22.5,22.4,22.1,22,21.9,22.4,24.3,25.7,27.5,28.7,28.6,29.6,29.5,29.4,29,28.4,27.5,26.7,26.5,26,25.4,25.4,23,1,25.7,29.6,21.9
10/22/2020,24.4,24.1,24.2,24,24,23.9,24.5,24.9,26.5,27.7,28.2,29.1,28.1,26.4,25,23.9,23.1,22.4,21.8,21.5,21.4,21.6,21.8,24.9,1,24.5,29.1,21.4
10/23/2020,20.6,20.8,20.4,20.2,20.4,20.7,20.9,21.3,22,23.8,24,23.5,22.4,21.5,22.3,22.2,22.6,21.7,21.6,21.5,21.3,21.1,21.2,21.7,1,21.7,24,20.2
10/24/2020,20.8,20.6,21,20.6,20.4,20.6,20.8,21.3,22.2,23.9,25.7,27.7,28,28.7,27.7,26.7,25.3,23.4,23.3,22.9,22.6,22,22.1,20.6,1,23.3,28.7,20.4
10/25/2020,22.4,22.5,22.7,22.7,22.7,22.8,23.3,24.5,25.5,28.6,28.4,28.2,28.7,28.7,28.5,28,27.1,25.7,25.3,25.2,23.6,23,22.5,22.3,1,25.1,28.7,22.3
10/26/2020,21.8,21.4,21,21.1,21.4,21.7,22.2,24.1,26.2,27.8,29,30.1,31.2,31.6,30.9,29.9,28.6,26.4,25.5,24.3,23.9,23.4,22.9,22.1,1,25.4,31.6,21
10/27/2020,22.6,22.2,21.8,21.6,21.4,21.5,22.5,24.65,26.8,28.8,29.9,30.7,31.5,31.9,31.1,29.05,27.55,27,26.05,25.1,24.4,23.6,23.3,22.7,1,25.2,31.9,21.4
10/28/2020,22.5,21.9,21.8,21.55,22.475,21.3,23.4,25.1,26.7,29,30.6,31.8,32.4,32,31.3,30.7,28,26.6,25.9,24.6,24.1,23.8,23.3,22.8,1,26.3,32.4,21.3
10/29/2020,23,23.4,23,23,22.6,22.2,23.3,24.5,25.8,27.3,29.5,30.5,31.4,30.8,29.5,28.3,26.2,25.1,24.9,24,23.6,23.3,22.7,23,1,25.5,31.4,22.2
10/30/2020,21.6,21.4,21.1,21,20.8,20.9,21.1,22.5,24.3,26.3,26.9,27.5,28.2,27.9,27.3,26.3,25.2,24,23.2,23,22.6,22.3,22.1,21.8,0,23.7,28.2,20.8
10/31/2020,19.2,19.1,18.9,18.7,18.9,18.9,19.2,20.8,23.1,25.1,26.2,27.4,27.7,27.7,27,25.5,24.8,23.6,22.7,22.4,22,21.6,21.3,20.9,0,22.6,27.7,18.7
11/1/2020,20.8,20.6,20.4,20.1,19.9,19.8,20.2,21.9,24,26.2,27.5,28.4,28.8,28.8,28.1,26.7,25.8,24.6,23.7,23.3,22.7,22.3,22.1,21.7,0,23.7,28.8,19.8
11/2/2020,22.2,21.9,21.7,21.5,21.2,21,21.5,22.8,24.5,26.3,27.2,27.7,28.2,28.3,28,26.8,25.6,24.6,23.9,23.6,23.2,23,22.7,22.4,0,24.2,28.3,21
11/3/2020,21.8,21.6,21.4,21.5,21.4,21.2,21.2,22,23.5,24.3,25.4,25.9,26.5,26.4,25.9,24.9,24,23.3,22.7,22.6,22.3,22.3,22.2,22,0,23.2,26.5,21.2
11/4/2020,20.9,20.7,20.6,20.7,20.6,20.3,20.5,21.6,23.5,24.6,25.7,26.3,26.7,26.8,26.2,25,24.2,23.4,22.6,22.4,21.9,21.9,21.7,21.5,0,22.9,26.8,20.3
11/5/2020,21.4,21.2,21,21.1,20.9,20.6,20.9,21.8,23.4,24.7,25.7,26.1,26.6,26.6,26,25.1,24.1,23.4,22.8,22.5,22.1,22,21.9,21.6,0,23.1,26.6,20.6
11/6/2020,21.8,21.5,21.3,21.3,21,20.8,21.4,22.4,23.8,25.3,26.3,26.8,27.2,27.3,26.9,25.8,24.7,23.9,23.3,23,22.6,22.4,22.1,21.7,0,23.5,27.3,20.8
11/7/2020,22,21.8,21.5,21.5,21.3,21.1,21.7,22.8,24.2,25.7,26.8,27.3,27.7,27.9,27.5,26.4,25.1,24.3,23.7,23.2,22.8,22.5,22.2,21.8,0,23.9,27.9,21.1
11/8/2020,21.5,21.2,20.9,20.8,20.6,20.5,20.9,22,23.5,24.9,25.9,26.5,27.1,27.2,26.8,25.7,24.5,23.7,23,22.6,22.2,22,21.7,21.4,0,23.2,27.2,20.5
11/9/2020,21.1,20.9,20.6,20.5,20.5,20.3,20.5,21.5,22.8,23.9,25,25.5,25.9,25.9,25.5,24.5,23.5,22.9,22.3,21.9,21.5,21.5,21.3,21,0,22.5,25.9,20.3
11/10/2020,20.5,20.3,20.1,20,19.9,19.8,20.1,21.2,22.8,24.2,25.3,25.8,26.1,26,25.5,24.4,23.4,22.7,22,21.6,21.2,21.1,20.8,20.6,0,22.3,26.1,19.8
11/11/2020,20.6,20.4,20.2,20.1,20,19.8,20.2,21.2,22.8,24.2,25.3,25.8,26.1,26.1,25.5,24.4,23.4,22.6,22,21.7,21.3,21.1,20.9,20.6,0,22.3,26.1,19.8
11/12/2020,20.7,20.5,20.3,20.2,20,19.9,20.3,21.4,23,24.5,25.6,26.1,26.4,26.5,25.9,24.7,23.7,22.9,22.4,22,21.6,21.5,21.3,21,0,22.6,26.5,19.9
11/13/2020,21,20.8,20.6,20.4,20.2,20.1,20.6,21.9,23.5,25,26.1,26.6,27,27,26.5,25.4,24.2,23.4,22.8,22.5,22.1,22,21.8,21.5,0,23,27,20.1
11/14/2020,20.5,20.3,20.1,20,19.9,19.8,20.1,21.3,22.8,24.2,25.3,26,26.4,26.3,25.9,24.9,23.7,22.9,22.3,21.9,21.6,21.4,21.2,20.9,0,22.5,26.4,19.8
11/15/2020,20.1,19.9,19.7,19.6,19.5,19.4,19.7,20.8,22.3,23.7,24.9,25.5,25.9,25.9,25.4,24.4,23.4,22.5,21.9,21.5,21.1,20.9,20.6,20.3,0,22,25.9,19.4
11/16/2020,20.4,20.1,19.9,19.8,19.8,19.6,20,21,22.5,23.7,25.1,25.5,26,25.9,25.5,24.4,23.5,22.7,22.1,21.7,21.3,21,20.8,20.5,0,22.2,26,19.6
11/17/2020,20.2,19.9,19.7,19.6,19.5,19.4,19.8,20.9,22.4,23.7,25,25.4,25.9,25.9,25.4,24.3,23.4,22.6,21.9,21.5,21.1,20.8,20.5,20.2,0,22,25.9,19.4
11/18/2020,20.1,19.9,19.6,19.5,19.4,19.3,19.7,20.8,22.3,23.6,24.9,25.4,25.9,25.9,25.5,24.4,23.4,22.6,21.9,21.4,21.1,20.8,20.5,20.2,0,22,25.9,19.3
11/19/2020,20.1,19.8,19.5,19.4,19.3,19.2,19.6,20.6,22.1,23.5,24.7,25.2,25.6,25.7,25.2,24.2,23.2,22.3,21.7,21.3,20.9,20.7,20.4,20.1,0,21.8,25.7,19.2
11/20/2020,20.2,19.9,19.6,19.5,19.3,19.2,19.6,20.7,22.1,23.5,24.7,25.3,25.6,25.7,25.2,24.2,23.2,22.3,21.7,21.3,21,20.7,20.5,20.1,0,21.9,25.7,19.2
11/21/2020,20.2,19.9,19.6,19.4,19.3,19.2,19.6,20.7,22.1,23.5,24.7,25.3,25.6,25.7,25.2,24.2,23.2,22.3,21.8,21.3,21,20.8,20.5,20.2,0,21.9,25.7,19.2
11/22/2020,20.1,19.8,19.5,19.4,19.3,19.1,19.5,20.6,22.1,23.5,24.7,25.3,25.6,25.6,25.1,24.1,23.2,22.3,21.7,21.3,20.9,20.7,20.5,20.1,0,21.8,25.6,19.1
11/23/2020,20.1,19.8,19.6,19.5,19.3,19.2,19.6,20.7,22.2,23.5,24.7,25.4,25.7,25.7,25.2,24.2,23.2,22.4,21.8,21.4,21,20.8,20.5,20.2,0,21.9,25.7,19.2
11/24/2020,20.3,20,19.8,19.7,19.5,19.4,19.7,20.8,22.3,23.6,24.8,25.4,25.7,25.7,25.2,24.2,23.3,22.5,21.9,21.5,21.1,20.8,20.6,20.3,0,22,25.7,19.4
11/25/2020,20.1,19.8,19.6,19.5,19.4,19.3,19.6,20.7,22.2,23.6,24.8,25.4,25.8,25.8,25.3,24.3,23.3,22.5,21.8,21.4,20.9,20.7,20.4,20.1,0,21.9,25.8,19.3
11/26/2020,20.2,19.9,19.7,19.6,19.4,19.3,19.6,20.7,22.2,23.6,24.8,25.4,25.7,25.8,25.2,24.3,23.2,22.4,21.8,21.3,20.9,20.7,20.4,20.1,0,21.9,25.8,19.3
11/27/2020,20,19.7,19.5,19.4,19.2,19.1,19.5,20.6,22.2,23.7,24.8,25.5,25.8,25.8,25.3,24.3,23.2,22.4,21.8,21.3,20.9,20.6,20.3,20,0,21.9,25.8,19.1
11/28/2020,20,19.7,19.5,19.4,19.2,19.1,19.5,20.6,22.1,23.6,24.8,25.4,25.8,25.8,25.2,24.3,23.2,22.4,21.7,21.3,20.9,20.7,20.4,20,0,21.9,25.8,19.1
11/29/2020,19.9,19.7,19.5,19.3,19.2,19.1,19.5,20.6,22.2,23.6,24.8,25.5,25.8,25.8,25.3,24.3,23.2,22.4,21.7,21.3,20.9,20.6,20.3,20,0,21.9,25.8,19.1
11/30/2020,20,19.7,19.5,19.4,19.2,19.1,19.5,20.6,22.1,23.6,24.8,25.4,25.8,25.8,25.2,24.3,23.2,22.3,21.7,21.3,20.9,20.6,20.3,20,0,21.8,25.8,19.1
12/1/2020,20.2,19.9,19.7,19.5,19.4,19.2,19.6,20.6,22,23.4,24.5,25.1,25.5,25.5,25,24,23,22.2,21.6,21.2,20.9,20.6,20.3,20,0,21.8,25.5,19.2
12/2/2020,20.1,19.8,19.6,19.5,19.3,19.2,19.5,20.6,22.1,23.4,24.6,25.2,25.6,25.6,25.1,24.1,23.1,22.2,21.6,21.2,20.8,20.6,20.3,19.9,0,21.8,25.6,19.2
12/3/2020,20.1,19.8,19.6,19.5,19.3,19.2,19.6,20.7,22.1,23.5,24.7,25.3,25.7,25.7,25.1,24.1,23.1,22.3,21.6,21.2,20.8,20.6,20.3,19.9,0,21.8,25.7,19.2
12/4/2020,20,19.8,19.6,19.5,19.3,19.2,19.5,20.6,22.2,23.6,24.7,25.4,25.7,25.7,25.2,24.2,23.1,22.3,21.7,21.2,20.8,20.6,20.3,19.9,0,21.8,25.7,19.2
12/5/2020,20,19.7,19.5,19.4,19.2,19.1,19.5,20.6,22.1,23.6,24.7,25.4,25.7,25.7,25.2,24.2,23.1,22.3,21.7,21.2,20.9,20.6,20.3,20,0,21.8,25.7,19.1
12/6/2020,19.9,19.7,19.5,19.4,19.2,19.1,19.5,20.6,22.2,23.6,24.8,25.5,25.8,25.8,25.3,24.3,23.2,22.4,21.7,21.3,20.9,20.6,20.3,20,0,21.9,25.8,19.1
12/7/2020,19.9,19.7,19.5,19.3,19.2,19.1,19.5,20.6,22.2,23.7,24.9,25.6,25.9,25.9,25.3,24.3,23.2,22.4,21.8,21.3,20.9,20.7,20.4,20,0,21.9,25.9,19.1
12/8/2020,19.9,19.7,19.5,19.3,19.2,19.1,19.5,20.6,22.2,23.7,24.9,25.6,25.9,25.9,25.3,24.3,23.2,22.4,21.8,21.3,20.9,20.6,20.4,20,0,21.9,25.9,19.1
12/9/2020,20,19.7,19.5,19.4,19.2,19.1,19.5,20.6,22.2,23.7,24.8,25.5,25.8,25.8,25.3,24.3,23.2,22.4,21.7,21.3,20.9,20.6,20.4,20,0,21.9,25.8,19.1
12/10/2020,19.9,19.7,19.5,19.3,19.2,19.1,19.4,20.5,22.1,23.6,24.7,25.5,25.8,25.7,25.2,24.3,23.2,22.4,21.7,21.3,20.9,20.6,20.3,20,0,21.8,25.8,19.1
